     1	EVERLY BROTHERS 	ON THE WINGS OF A NIGHTINGALE 	41 	443
     2	GRANDMASTER MELLE MEL AND THE FURIOUS FIVE 	BEAT STREET BREAKDOWN 	42 	395
     3	JULIO IGLESIAS AND DIANA ROSS 	ALL OF YOU 	43 	373
     4	MATT BIANCO 	SNEAKING OUT THE BACKDOOR/MATT'S MOOD 	44 	352
     5	THELMA HOUSTON 	YOU USED TO HOLD ME SO TIGHT 	49 	345
     6	ODYSSEY 	MAGIC TOUCH {1984} 	43 	337
     7	KEN BARRIE 	POSTMAN PAT 	44 	332
     8	LLOYD COLE AND THE COMMOTIONS 	FOREST FIRE 	41 	309
     9	MIKE OLDFIELD AND MAGGIE REILLY 	TO FRANCE 	48 	307
    10	KLAXONS 	THE CLAP CLAP SOUND 	45 	299
    11	ASSOCIATES 	THOSE FIRST IMPRESSIONS 	43 	298
    12	BLACK UHURU 	WHAT IS LIFE? 	56 	294
    13	RICK SPRINGFIELD 	JESSIE'S GIRL 	43 	292
    14	CLANNAD 	ROBIN (THE HOODED MAN) 	42 	283
    15	FARMER'S BOYS 	IN THE COUNTRY 	44 	282
    16	BOBBY G 	BIG DEAL (THEME) 	46 	281
    17	ADAM ANT 	STRIP 	41 	281
    18	THIS ISLAND EARTH 	SEE THAT GLOW 	47 	277
    19	DIANA ROSS 	TOUCH BY TOUCH 	47 	277
    20	GEORGE BENSON 	INSIDE LOVE 	57 	276
    21	CHAS AND DAVE 	MY MELANCHOLY BABY 	51 	276
    22	REDSKINS 	KEEP ON KEEPIN' ON 	43 	274
    23	LOOSE ENDS 	EMERGENCY (DIAL 999) 	41 	273
    24	JULIAN LENNON 	VALOTTE 	55 	273
    25	BUCKS FIZZ 	RULES OF THE GAME 	57 	273
    26	PAT BENATAR 	LOVE IS A BATTLEFIELD 	49 	269
    27	KEVIN THE GERBIL 	SUMMER HOLIDAY 	50 	269
    28	FOSTER & ALLEN 	JUST FOR OLD TIME'S SAKE 	47 	269
    29	TALK TALK 	SUCH A SHAME 	49 	268
    30	MIKE POST 	THE 'A' TEAM 	45 	266
    31	ELVIS PRESLEY 	THE LAST FAREWELL 	48 	266
    32	WORLD FAMOUS SUPREME TEAM 	HEY DJ 	52 	264
    33	WAS (NOT WAS) 	OUT COME THE FREAKS 	41 	263
    34	LEE GREENWOOD 	THE WIND BENEATH MY WINGS 	49 	263
    35	PETER SCHILLING 	MAJOR TOM (COMING HOME) 	42 	261
    36	PAUL HARDCASTLE 	RAIN FOREST 	41 	261
    37	TINA TURNER 	BETTER BE GOOD TO ME 	45 	257
    38	LEVEL 42 	THE CHANT HAS BEGUN 	41 	257
    39	FRIDA AND BA ROBERTSON 	TIME 	45 	254
    40	IAN MCCULLOCH 	SEPTEMBER SONG 	51 	251
    41	COOL NOTES 	YOU'RE NEVER TOO YOUNG 	42 	247
    42	CYNDI LAUPER 	SHE BOP 	46 	246
    43	BARBARA MASON 	ANOTHER MAN 	45 	242
    44	VICIOUS PINK 	CCCAN'T YOU SEE... 	67 	240
    45	TOYAH 	THE VOW 	50 	240
    46	DAVID ESSEX 	YOU'RE IN MY HEART 	59 	240
    47	JULIAN COPE 	THE GREATNESS AND PERFECTION OF LOVE 	52 	239
    48	NIK KERSHAW 	I WON'T LET THE SUN GO DOWN ON ME 	47 	238
    49	TALK TALK 	IT'S MY LIFE 	46 	235
    50	DARYL HALL AND JOHN OATES 	OUT OF TOUCH 	48 	232
    51	TWISTED SISTER 	WE'RE NOT GONNA TAKE IT 	58 	229
    52	THOMAS DOLBY 	I SCARE MYSELF 	46 	228
    53	ASTRUD GILBERTO 	THE GIRL OF IPANEMA 	55 	228
    54	QUESTIONS 	TUESDAY SUNSHINE 	46 	227
    55	ARROW 	HOT HOT HOT 	59 	225
    56	GARY MOORE 	EMPTY ROOMS 	51 	224
    57	DENNIS EDWARDS AND SIEDAH GARRETT 	DON'T LOOK ANY FURTHER 	45 	221
    58	BOURGIE BOURGIE 	BREAKING POINT 	48 	221
    59	CHRIS DE BURGH 	HIGH ON EMOTION 	44 	218
    60	QUIET RIOT 	METAL HEALTH/CUM ON FEEL THE NOIZE 	45 	217
    61	XTC 	ALL YOU PRETTY GIRLS 	55 	215
    62	NICK HEYWARD 	ON A SUNDAY 	52 	214
    63	STEVIE WONDER 	LOVE LIGHT IN FLIGHT 	44 	213
    64	J BLACKFOOT 	TAXI 	48 	209
    65	AFRIKA BAMBAATAA AND JAMES BROWN 	UNITY 	49 	208
    66	PRINCE 	I WOULD DIE 4 YOU 	58 	207
    67	MARC ALMOND 	THE BOY WHO CAME BACK 	52 	207
    68	MALCOLM MCLAREN 	DUCK FOR THE OYSTER 	54 	207
    69	JB'S ALL STARS 	BACKFIELD IN MOTION 	48 	205
    70	INTRUDERS 	WHO DO YOU LOVE 	65 	205
    71	SOS BAND 	WEEKEND GIRL 	51 	204
    72	HAZELL DEAN 	BACK IN MY ARMS (ONCE AGAIN) 	41 	204
    73	SHRIEKBACK 	HAND ON MY HEART 	52 	203
    74	NINO DE ANGELO 	GUARDIAN ANGEL 	57 	203
    75	PAUL HARDCASTLE 	YOU'RE THE ONE FOR ME/DAYBREAK/AM 	41 	200
    76	COLOUR FIELD 	THE COLOUR FIELD 	43 	198
    77	CAROL LYNN TOWNES 	99 Â½ 	47 	198
    78	KILLING JOKE 	EIGHTIES 	60 	195
    79	FONDA RAE 	TOUCH ME 	49 	194
    80	SWANS WAY 	ILLUMINATIONS 	57 	192
    81	MEAT LOAF 	NOWHERE FAST 	67 	188
    82	DAMNED 	THANKS FOR THE NIGHT 	43 	188
    83	RONI GRIFFITH 	(THE BEST PART OF) BREAKIN' UP {1984} 	63 	186
    84	ALARM 	THE CHANT HAS JUST BEGUN 	48 	186
    85	M AND M 	BLACK STATIONS WHITE STATIONS 	46 	185
    86	ROLLING STONES 	SHE WAS HOT 	42 	183
    87	ADVENTURES 	SEND MY HEART 	62 	183
    88	GRANDMASTER MELLE MEL AND THE FURIOUS FIVE 	WE DON'T WORK FOR FREE 	45 	182
    89	PRIVATE LIVES 	LIVING IN A WORLD (TURNED UPSIDE DOWN) 	53 	181
    90	DAVID GRANT 	ROCK THE MIDNIGHT 	46 	181
    91	ABC 	(HOW TO BE A) MILLIONAIRE 	49 	181
    92	CAPTAIN SENSIBLE 	THERE ARE MORE SNAKES THAN LADDERS 	57 	179
    93	BUCKS FIZZ 	GOLDEN DAYS 	42 	179
    94	DIRECT DRIVE 	ANYTHING 	67 	178
    95	DAYTON 	THE SOUND OF MUSIC 	75 	178
    96	CHANGE 	YOU ARE MY MELODY 	48 	178
    97	YVONNE GAGE 	DOIN' IT IN A HAUNTED HOUSE 	45 	175
    98	YES 	LEAVE IT 	56 	175
    99	BRASS CONSTRUCTION 	PARTYLINE 	56 	175
   100	ORANGE JUICE 	WHAT PRESENCE? 	47 	172
   101	MIRAGE 	GIVE ME THE NIGHT 	49 	172
   102	KEITH HARRIS AND ORVILLE 	COME TO MY PARTY 	44 	172
   103	KANE GANG 	SMALLTOWN CREED 	60 	172
   104	KAJAGOOGOO 	TURN YOUR BACK ON ME 	47 	171
   105	GRANDMIXER 	CRAZY CUTS 	71 	171
   106	DAVID BOWIE 	TONIGHT 	53 	170
   107	MADONNA 	BORDERLINE 	56 	169
   108	HERREYS 	DIGGI LOO DIGGI LEY 	46 	166
   109	ASSOCIATES 	WAITING FOR THE LOVEBOAT 	53 	166
   110	ANN BREEN 	PAL OF MY CRADLE DAYS 	69 	166
   111	ALARM 	THE DECEIVER 	51 	166
   112	ROCK STEADY CREW 	UPROCK 	64 	165
   113	FATBACK BAND 	I FOUND LOVIN' 	49 	165
   114	LJ REYNOLDS 	DON'T LET NOBODY HOLD YOU DOWN 	53 	164
   115	TALKING HEADS 	THIS MUST BE THE PLACE 	51 	163
   116	SPECIAL AKA 	WHAT I LIKE MOST ABOUT YOU IS YOUR GIRLFRIEND 	51 	163
   117	KING KURT 	MACK THE KNIFE 	55 	163
   118	CLIFF RICHARD 	SHOOTING FROM THE HEART 	51 	163
   119	BOOMTOWN RATS 	DRAG ME DOWN 	50 	162
   120	KING KURT 	BANANA BANANA 	54 	161
   121	JOE JACKSON 	HAPPY ENDING 	58 	161
   122	MALCOLM X AND KEITH LE BLANC 	NO SELLOUT 	60 	157
   123	PRETENDERS 	THIN LINE BETWEEN LOVE AND HATE 	49 	156
   124	BOBBY WOMACK 	TELL ME WHY 	60 	156
   125	SURFACE 	WHEN YOUR 'EX' WANTS YOU BACK 	52 	155
   126	PAUL HARDCASTLE 	EAT YOUR HEART OUT 	59 	155
   127	ICICLE WORKS 	BIRDS FLY (WHISPER TO A SCREAM) {1984} 	53 	155
   128	SHALAMAR 	DANCING IN THE SHEETS 	41 	153
   129	NICK LOWE 	HALF A BOY AND HALF A MAN 	53 	153
   130	DIO 	WE ROCK 	42 	151
   131	KISS 	HEAVEN'S ON FIRE 	43 	150
   132	HAYWOODE 	I CAN'T LET YOU GO 	63 	149
   133	GENESIS 	ILLEGAL ALIEN 	46 	149
   134	BOOTHILL FOOT-TAPPERS 	GET YOUR FEET OUT OF MY SHOES 	64 	149
   135	ALICIA MYERS 	YOU GET THE BEST FROM ME (SAY, SAY, SAY) 	58 	149
   136	SHAKATAK 	DON'T BLAME IT ON LOVE 	55 	148
   137	PATRICE RUSHEN 	FEELS SO REAL (WON'T LET GO) 	51 	148
   138	HERBIE HANCOCK 	FUTURE SHOCK 	54 	148
   139	ROGER DALTREY 	WALKING IN MY SLEEP 	56 	147
   140	DAVID AUSTIN 	TURN TO GOLD 	68 	147
   141	ROSE MARIE 	WHEN I LEAVE THE WORLD BEHIND 	63 	146
   142	DIRE STRAITS 	LOVE OVER GOLD (LIVE) 	50 	146
   143	BILLY GRIFFIN 	SERIOUS 	64 	145
   144	EDDY GRANT 	ROMANCING THE STONE 	52 	144
   145	JUDAS PRIEST 	FREEWHEEL BURNING 	42 	143
   146	JETS 	ROCKIN' AROUND THE CHRISTMAS TREE 	62 	143
   147	STEVIE WONDER 	DON'T DRIVE DRUNK 	62 	142
   148	SISTERS OF MERCY 	WALK AWAY 	45 	142
   149	LOOSE ENDS 	CHOOSE ME (RESCUE ME) 	59 	142
   150	JERMAINE JACKSON 	SWEETEST SWEETEST 	52 	142
   151	CLINT EASTWOOD AND GENERAL SAINT 	LAST PLANE (ONE WAY TICKET) 	51 	142
   152	SIOUXSIE AND THE BANSHEES 	THE THORN EP 	47 	141
   153	IMPOSTER 	PEACE IN OUR TIME 	48 	141
   154	ELTON JOHN 	WHO WEARS THESE SHOES 	50 	141
   155	CHINA CRISIS 	HANNA HANNA 	44 	141
   156	GEORGE MCCRAE 	ONE STEP CLOSER (TO LOVE) 	57 	139
   157	WORLD PREMIERE 	SHARE THE NIGHT 	64 	138
   158	JUNIOR 	SOMEBODY 	64 	138
   159	SISTERS OF MERCY 	BODY AND SOUL/TRAIN 	46 	136
   160	HAROLD MELVIN AND THE BLUENOTES 	DON'T GIVE ME UP 	59 	136
   161	FARMER'S BOYS 	PHEW WOW 	59 	136
   162	GENERAL PUBLIC 	GENERAL PUBLIC 	60 	135
   163	STEVE WRIGHT 	THE GAY GAVALIEROS 	61 	133
   164	MARC ALMOND 	YOU HAVE 	57 	133
   165	EARTHA KITT 	I LOVE MEN 	50 	133
   166	GERARD KENNY 	THE OTHER WOMAN, THE OTHER MAN 	69 	131
   167	YARBROUGH & PEOPLES 	DON'T WASTE YOUR TIME 	60 	130
   168	WHODINI 	THE WHODINI ELECTRO EP 	63 	130
   169	GARY PORTNOY 	THEME TO 'CHEERS' 	58 	129
   170	THS - THE HORNE SECTION 	LADY SHINE (SHINE ON) 	54 	128
   171	VISAGE 	LOVE GLOVE 	54 	127
   172	JOCELYN BROWN 	I WISH YOU WOULD 	51 	127
   173	BING CROSBY AND GRACE KELLY 	TRUE LOVE {1983} 	70 	127
   174	TRACIE 	(I LOVE YOU) WHEN YOU SLEEP 	59 	126
   175	BREEKOUT KREW 	MATT'S MOOD 	51 	126
   176	ASWAD 	CHASING FOR THE BREEZE 	51 	126
   177	MIKE OLDFIELD 	CRIME OF PASSION 	61 	125
   178	KENNY G 	HI HOW YA DOIN 	70 	125
   179	SECOND IMAGE 	SING AND SHOUT 	53 	124
   180	TOM ROBINSON 	RIKKI DON'T LOSE THAT NUMBER 	58 	123
   181	EVELYN THOMAS 	MASQUERADE 	60 	123
   182	BILLY IDOL 	FLESH FOR FANTASY 	54 	123
   183	KERRI AND MICK 	SONS AND DAUGHTERS THEME 	68 	122
   184	SPEAR OF DESTINY 	PRISONER OF LOVE 	59 	121
   185	MIQUEL BROWN 	HE'S A SAINT, HE'S A SINNER 	68 	120
   186	KIM WILDE 	THE TOUCH 	56 	119
   187	TRACEY ULLMAN 	HELPLESS 	61 	118
   188	PAUL HARDCASTLE 	GUILTY 	55 	118
   189	BOBBY NUNN 	DON'T KNOCK IT 	65 	118
   190	SIMPLICIOUS 	LET HER FEEL IT 	65 	117
   191	CYNDI LAUPER 	ALL THROUGH THE NIGHT 	64 	117
   192	HANOI ROCKS 	UP AROUND THE BEND 	61 	116
   193	FRIENDS AGAIN 	THE FRIENDS AGAIN EP 	59 	116
   194	FIAT LUX 	SECRETS 	65 	116
   195	BEATLES 	A HARD DAY'S NIGHT {1984} 	52 	116
   196	ASWAD 	54 46 WAS MY NUMBER 	70 	116
   197	COMSAT ANGELS 	INDEPENDENCE DAY 	71 	115
   198	THIS MORTAL COIL 	SONG TO THE SIREN 	66 	114
   199	JIM STEINMAN AND FIRE INC 	TONIGHT IS WHAT IT MEANS TO BE YOU 	67 	114
   200	MTUME 	PRIME TIME 	57 	113
   201	MILLIE JACKSON 	I FEEL LIKE WALKING IN THE RAIN 	55 	113
   202	DAVID JOSEPH 	JOYS OF LIFE 	61 	113
   203	SPIDER 	HERE WE GO ROCK 'N' ROLL 	57 	112
   204	RUSH 	THE BODY ELECTRIC 	56 	112
   205	PREFAB SPROUT 	DON'T SING 	62 	112
   206	SIVUCA 	AIN'T NO SUNSHINE 	56 	111
   207	KILLING JOKE 	A NEW DAY 	56 	111
   208	BILLY IDOL 	REBEL YELL 	62 	111
   209	SHALAMAR 	DEADLINE USA 	52 	110
   210	BANANARAMA 	HOT LINE TO HEAVEN 	58 	110
   211	ROCK GODDESS 	I DIDN'T KNOW I LOVED YOU (TILL I SAW YOU ROCK AND ROLL) 	57 	108
   212	LAURA BRANIGAN 	THE LUCKY ONE 	56 	108
   213	JETS 	PARTY DOLL 	72 	108
   214	GAP BAND 	JAMMIN' IN AMERICA 	64 	107
   215	CRUSADERS 	NIGHT LADIES 	55 	107
   216	STAPLE SINGERS 	SLIPPERY PEOPLE 	78 	105
   217	VAN HALEN 	PANAMA 	61 	104
   218	ROLLING STONES 	BROWN SUGAR 	58 	104
   219	SPEAR OF DESTINY 	LIBERATOR 	67 	103
   220	EVERYTHING BUT THE GIRL 	MINE 	58 	103
   221	PSYCHEDELIC FURS 	THE GHOST IN YOU 	68 	102
   222	NENA 	JUST A DREAM 	70 	102
   223	HAZELL DEAN 	EVERGREEN/JEALOUS LOVE 	63 	102
   224	DARYL HALL AND JOHN OATES 	ADULT EDUCATION 	63 	102
   225	COOL NOTES 	I FORGOT 	63 	102
   226	BOB MARLEY & THE WAILERS 	COULD YOU BE LOVED {1984} 	71 	102
   227	ARMOURY SHOW 	CASTLES IN SPAIN 	69 	102
   228	SWITCH 	KEEPING SECRETS 	61 	101
   229	INTAFERON 	STEAMHAMMER SAM 	77 	100
   230	FICTION FACTORY 	GHOST OF LOVE 	64 	100
   231	LIMAHL 	TOO MUCH TROUBLE 	64 	99
   232	EVERYTHING BUT THE GIRL 	NATIVE LAND 	73 	99
   233	ALAN PARSONS PROJECT 	DON'T ANSWER ME 	58 	99
   234	GARY MOORE 	HOLD ON TO LOVE 	65 	98
   235	DONNA SUMMER 	STOP LOOK AND LISTEN 	57 	98
   236	ORANGE JUICE 	BRIDGE 	67 	97
   237	CHRIS REA 	I DON'T KNOW WHAT IT IS BUT I LOVE IT 	65 	97
   238	SYSTEM 	I WANNA MAKE YOU FEEL GOOD 	73 	95
   239	DOLLY PARTON 	HERE YOU COME AGAIN 	75 	95
   240	DIVINE 	SHAKE IT UP 	82 	95
   241	ADVENTURES 	ANOTHER SILENT DAY 	71 	95
   242	ELVIS COSTELLO AND THE ATTRACTIONS 	THE ONLY FLAME IN TOWN 	71 	94
   243	TALK TALK 	DUM DUM GIRL 	74 	93
   244	SHALAMAR 	AMNESIA 	61 	93
   245	PAUL QUINN AND EDWYN COLLINS 	PALE BLUE EYES 	72 	93
   246	MOTORHEAD 	KILLED BY DEATH 	51 	93
   247	BELLE STARS 	'80'S ROMANCE 	71 	93
   248	WORKING WEEK 	VENCEREMOS - WE WILL WIN 	64 	92
   249	WHITESNAKE 	STANDING IN THE SHADOW 	62 	92
   250	DIVINE 	I'M SO BEAUTIFUL 	52 	92
   251	DIFFORD AND TILBROOK 	LOVE'S CRASHING WAVES 	57 	92
   252	ZZ TOP 	TV DINNERS 	67 	91
   253	PETER GABRIEL 	WALK THROUGH THE FIRE 	69 	91
   254	SCRITTI POLITTI 	HYPNOTIZE 	68 	90
   255	HERBIE HANCOCK 	HARDROCK 	65 	90
   256	UB40 	RIDDLE ME 	59 	87
   257	TRUTH 	NO STONE UNTURNED 	66 	87
   258	JON AND VANGELIS 	STATE OF INDEPENDENCE 	67 	86
   259	LLOYD COLE AND THE COMMOTIONS 	RATTLESNAKES 	65 	85
   260	JETHRO TULL 	LAP OF LUXURY 	70 	85
   261	FIAT LUX 	BLUE EMOTION 	59 	85
   262	CHRIS REA 	ACE OF HEARTS 	79 	85
   263	DAVID SYLVIAN 	PULLING PUNCHES 	56 	84
   264	ROGER TAYLOR 	MAN ON FIRE 	66 	83
   265	TWEETS 	THE BIRDIE SONG {1983} 	81 	82
   266	ROBIN GIBB 	ANOTHER LONELY NIGHT IN NEW YORK 	71 	82
   267	JEFFREY OSBORNE 	DON'T STOP 	61 	81
   268	DUNCAN BROWNE 	THEME FROM TRAVELLING MAN 	68 	81
   269	CHERYL LYNN 	ENCORE 	68 	81
   270	BEATLES 	CAN'T BUY ME LOVE {1984} 	53 	81
   271	TREVOR WALTERS 	NEVER LET HER SLIP AWAY 	73 	80
   272	LOOSE ENDS 	TELL ME WHAT YOU WANT 	74 	80
   273	CHAMPAIGN 	OFF AND ON LOVE 	76 	80
   274	IMAGINATION 	STATE OF LOVE 	67 	79
   275	FASHION 	EYE TALK 	69 	79
   276	FIRST LIGHT 	WISH YOU WERE HERE 	71 	78
   277	CHARME 	GEORGY PORGY 	68 	77
   278	LEFTURNO 	OUT OF SIGHT 	78 	76
   279	HAROLD MELVIN AND THE BLUENOTES 	TODAY'S YOUR LUCKY DAY 	66 	75
   280	WOMACK AND WOMACK 	BABY I'M SCARED OF YOU 	72 	74
   281	ROGER WATERS 	5.01AM (THE PROS AND CONS OF HITCH-HIKING) 	76 	74
   282	ORANGE JUICE 	LEAN PERIOD 	74 	74
   283	JOE FAGIN 	WHY DON'T WE SPEND THE NIGHT 	82 	74
   284	NATALIE CASEY 	CHIC CHIC CHIC CHICKEN 	72 	73
   285	JONATHAN KING 	SPACE ODDITY/MAJOR TOM (COMING HOME) 	77 	73
   286	GARY NUMAN 	MY DYING MACHINE 	66 	73
   287	TALKING HEADS 	SLIPPERY PEOPLE 	68 	72
   288	TRACIE 	SOULS ON FIRE 	73 	71
   289	JOE JACKSON 	BE MY NUMBER TWO 	70 	71
   290	FLYING PICKETS 	WHO'S THAT GIRL 	71 	71
   291	BOOMTOWN RATS 	TONIGHT 	73 	71
   292	A BIGGER SPLASH 	DON'T BELIEVE A WORD 	76 	71
   293	TOM ROBINSON 	BACK IN THE OLD COUNTRY 	79 	69
   294	SCORPIONS 	BIG CITY NIGHTS 	76 	68
   295	RICK JAMES 	17 	76 	67
   296	JERMAINE JACKSON AND PIA ZADORA 	WHEN THE RAIN BEGINS TO FALL 	68 	67
   297	DALI'S CAR 	THE JUDGEMENT IS THE MIRROR 	66 	67
   298	COLOUR FIELD 	TAKE 	70 	65
   299	JUDGE DREAD 	RELAX 	76 	64
   300	HUEY LEWIS AND THE NEWS 	THE HEART OF ROCK 'N' ROLL 	78 	64
   301	BROTHERS JOHNSON 	YOU KEEP ME COMING BACK 	77 	64
   302	EVELYN 'CHAMPAGNE' KING 	I'M SO ROMANTIC 	76 	63
   303	DAVID ESSEX 	FISHING FOR THE MOON 	76 	63
   304	REAL TO REEL 	LOVE ME LIKE THIS 	68 	62
   305	HEAVY PETTIN' 	LOVE TIMES LOVE 	69 	61
   306	BRASS CONSTRUCTION 	INTERNATIONAL 	70 	61
   307	BILL NELSON 	ACCELERATION 	78 	61
   308	BEATLES 	I FEEL FINE {1984} 	65 	61
   309	ORCHESTRAL MANOEUVRES IN THE DARK 	NEVER TURN AWAY 	70 	60
   310	DEAD OR ALIVE 	I'D DO ANYTHING 	79 	60
   311	LEO SAYER 	SEA OF HEARTBREAK 	84 	59
   312	PUBLIC IMAGE LTD 	BAD LIFE 	71 	58
   313	HAZEL O'CONNOR 	DON'T TOUCH ME 	81 	58
   314	ELAINE PAIGE 	SOMETIMES 	72 	58
   315	PARADISE 	WE CAN WORK IT OUT 	81 	57
   316	KID CREOLE AND THE COCONUTS 	MY MALE CURIOSITY 	83 	57
   317	SWANS WAY 	WHEN THE WILD CALLS 	80 	56
   318	ONE BLOOD 	GET IN TOUCH WITH ME 	80 	56
   319	KIKI DEE 	AMOUREUSE {1984} 	77 	56
   320	DANSE SOCIETY 	2,000 LIGHT YEARS FROM HOME 	77 	56
   321	BILLY JOEL 	THIS NIGHT 	78 	55
   322	W.A.S.P. 	ANIMAL (FUCK LIKE A BEAST) 	83 	54
   323	SARAH BRIGHTMAN 	UNEXPECTED SONG 	76 	54
   324	SAXON 	SAILING TO AMERICA 	81 	53
   325	MIQUEL BROWN 	SO MANY MEN, SO LITTLE TIME {1984} 	78 	53
   326	CULT 	RESURRECTION JOE 	74 	53
   327	ELVIS PRESLEY 	GREEN GREEN GRASS OF HOME {1984} 	76 	52
   328	ART GARFUNKEL 	SOMETIMES WHEN I'M DREAMING 	77 	52
   329	VITAMIN Z 	BURNING FLAME 	80 	51
   330	JEFF LYNNE 	VIDEO 	87 	51
   331	BAR-KAYS 	SEX O MATIC 	51 	51
   332	ROSE MARIE 	LET THE REST OF THE WORLD GO BY 	76 	50
   333	MARI WILSON 	AIN'T THAT PECULIAR 	78 	50
   334	JAKI GRAHAM 	HEAVEN KNOWS (FEELS SO GOOD) 	80 	50
   335	SYLVESTER 	ROCK THE BOX 	88 	49
   336	CAPTAIN SENSIBLE 	ONE CHRISTMAS CATALOGUE/RELAX 	79 	49
   337	BRUCE FOXTON 	IT MAKES ME WONDER 	74 	49
   338	YVONNE GAGE 	LOVE OF MY DREAMS 	79 	48
   339	GARY MOORE 	SHAPES OF THINGS 	77 	48
   340	CUTTY 	NAUGHTY TIMES 	83 	48
   341	ADRIAN GURVITZ 	HELLO MUM 	80 	48
   342	TINTIN 	KISS ME 	78 	47
   343	SENATE 	ORIGINAL SIN/DO YOU BELIEVE IN THE WESTWORLD 	84 	47
   344	ONE WAY 	MR GROOVE 	84 	47
   345	KID CREOLE AND THE COCONUTS 	DON'T TAKE MY COCONUTS 	86 	47
   346	CULT 	SPIRITWALKER 	77 	47
   347	SHAKATAK 	WATCHING YOU 	79 	46
   348	PENNYE FORD 	CHANGE YOUR WICKED WAYS 	76 	46
   349	I-LEVEL 	IN THE RIVER 	81 	46
   350	BOUNCING CZECHS 	I'M A LITTLE CHRISTMAS CRACKER 	72 	46
   351	ROSE ROYCE 	MAGIC TOUCH 	56 	45
   352	FRIDA 	SHINE 	82 	45
   353	FAD GADGET 	COLLAPSING NEW PEOPLE 	85 	45
   354	SNOWY WHITE 	PEACE ON EARTH 	78 	44
   355	ROCKWELL 	(OBSCENE) PHONE CALLER 	79 	44
   356	NICK CAVE & THE BAD SEEDS 	IN THE GHETTO 	84 	44
   357	MCFADDEN AND WHITEHEAD 	AIN'T NO STOPPIN' (AIN'T NO WAY) 	81 	44
   358	JOE JACKSON 	YOU CAN'T GET WHAT YOU WANT 	77 	44
   359	HIGSONS 	MUSIC TO WATCH GIRLS BY 	83 	44
   360	ROY AYERS 	IN THE DARK 	83 	43
   361	W.A.S.P. 	I WANNA BE SOMEBODY 	77 	42
   362	MIQUEL BROWN 	BLACK LEATHER 	85 	42
   363	MEN AT WORK 	BE GOOD JOHNNY/WHO CAN IT BE NOW 	78 	42
   364	LYNYRD SKYNYRD 	FREE BIRD {1983} 	87 	42
   365	KING CRIMSON 	SLEEPLESS 	79 	42
   366	JEFFREY DANIEL 	AC/DC 	78 	42
   367	DETROIT SPINNERS 	RIGHT OR WRONG/I'LL BE AROUND 	84 	42
   368	BOOMTOWN RATS 	DAVE 	81 	42
   369	BONNIE POINTER 	YOUR TOUCH 	79 	42
   370	BILLY OCEAN 	EUROPEAN QUEEN (NO MORE LOVE ON THE RUN) 	82 	42
   371	HI TENSION 	RAT RACE 	83 	41
   372	DIANA ROSS AND MICHAEL JACKSON 	EASE ON DOWN THE ROAD {1984} 	83 	41
   373	DAVID ESSEX 	WELCOME 	80 	40
   374	BOBBY KING 	LOVEQUAKE 	79 	40
   375	TYZIK 	JAMMIN' IN MANHATTAN 	80 	39
   376	SOS BAND 	TELL ME IF YOU STILL CARE 	81 	39
   377	PSYCHEDELIC FURS 	HEARTBEAT 	62 	39
   378	LATIN ELECTRICA 	LATIN ELECTRICA 	83 	39
   379	CHRIS DE BURGH 	ECSTASY OF FLIGHT (I LOVE THE NIGHT) 	80 	39
   380	STARPOINT 	IT'S ALL YOURS 	84 	38
   381	PARIS 	I CHOOSE YOU 	81 	38
   382	MIRAGE 	LET'S GROOVE (MEDLEY) 	81 	38
   383	KEN DODD 	LITTLE WORDS 	81 	38
   384	JANET JACKSON AND CLIFF RICHARD 	TWO TO THE POWER 	83 	38
   385	INTRIGUE 	LET SLEEPING DOGS LIE 	87 	38
   386	GRANDMASTER FLASH AND MELLE MEL 	JESSE 	83 	38
   387	POOKAH MAKES THREE 	TAKE IT BACK 	85 	37
   388	TONY COOK AND THE PARTY PEOPLE 	ON THE FLOOR (ROCK IT) 	85 	36
   389	MYSTERY GIRLS 	ASH IN DRAG 	82 	36
   390	KATRINA AND THE WAVES 	QUE TE QUEIRO 	84 	36
   391	B-MOVIE 	A LETTER FROM AFAR 	81 	36
   392	TIK AND TOK 	SCREEN ME I'M YOURS 	79 	35
   393	POSITIVE NOISE 	A MILLION MILES AWAY 	82 	35
   394	DAVID GRANT 	ORGANIZE/WRAP YOURSELF AROUND ME 	90 	34
   395	THOMAS DOLBY 	DISSIDENTS 	90 	33
   396	NEWCLEUS 	JAM ON IT 	89 	33
   397	HELEN TERRY 	STUTTERING 	84 	33
   398	BLUE NILE 	TINSELTOWN IN THE RAIN 	87 	33
   399	SCORPIONS 	ROCK YOU LIKE A HURRICANE 	78 	32
   400	PRETENDERS 	MIDDLE OF THE ROAD 	81 	32
   401	EARLENE BENTLEY 	CAUGHT IN THE ACT 	78 	32
   402	WANG CHUNG 	DON'T LET GO 	81 	31
   403	SAVAGE PROGRESS 	BURNING BUSH 	83 	31
   404	CARS 	YOU MIGHT THINK 	88 	31
   405	GILBERTO GIL 	TODA MENINA BAIANA 	90 	30
   406	EDDY GRANT 	BOYS IN THE STREET 	78 	30
   407	GEORGE KRANZ 	DIN DAA DAA 	88 	29
   408	GAYLE ADAMS 	I'M WARNING YOU 	86 	29
   409	AZTEC CAMERA 	STILL ON FIRE 	83 	29
   410	Y&T 	DON'T STOP RUNNIN' 	86 	28
   411	WORKING WEEK 	STORM OF LIGHT 	88 	28
   412	WARREN MILLS 	MICKEY'S MONKEY 	83 	28
   413	W.A.S.P. 	SCHOOL DAZE 	81 	28
   414	ROCKWELL 	TAXMAN 	88 	28
   415	PHYLLIS ST JAMES 	CANDLELIGHT AFTERNOON 	87 	28
   416	JANET KAY 	ETERNALLY GRATEFUL 	86 	28
   417	GLORIA GAYNOR 	STRIVE 	86 	28
   418	BARBRA STREISAND 	LEFT IN THE DARK 	85 	28
   419	AFRIKA BAMBAATAA 	FRANTIC SITUATION 	89 	27
   420	WHO 	TWIST AND SHOUT 	87 	26
   421	SHARON REDD 	YOU'RE A WINNER 	83 	26
   422	QUESTIONS 	BUILDING ON A STRONG FOUNDATION 	86 	26
   423	MUSICAL YOUTH 	SHE'S TROUBLE (SPECIAL NEW MIX) 	87 	26
   424	MIKE READ 	TELL ME I'M WRONG 	87 	26
   425	KENNY ROGERS AND DOLLY PARTON 	CHRISTMAS WITHOUT YOU 	88 	26
   426	GEORGE BENSON 	LATE AT NIGHT 	86 	26
   427	DEE C. LEE 	SELINA WOW WOW 	88 	26
   428	DEBBIE HARRY 	RUSH RUSH 	87 	26
   429	CHAS AND DAVE 	THERE IN YOUR EYES 	91 	26
   430	YAZOO 	ONLY YOU {1983} 	92 	25
   431	JOHN LENNON AND YOKO ONO 	STEPPIN' OUT 	88 	25
   432	CHIC 	CHIC CHEER 	81 	25
   433	STEVE LEVINE 	BELIEVIN' IT ALL 	84 	24
   434	SCANDAL FEATURING PATTY SMYTH 	THE WARRIOR FT PATTY SMYTH 	86 	24
   435	GIL SCOTT-HERON 	RE-RON 	89 	24
   436	CULT 	GO WEST (CRAZY SPINNING CIRCLE) 	90 	24
   437	COCTEAU TWINS 	SUNBURST AND SNOWBLIND 	86 	24
   438	WEST END 	HOT FOR ROCKING 	85 	23
   439	PALLAS 	EYES IN THE NIGHT 	87 	23
   440	O'JAYS 	EXTRAORDINARY GIRL 	87 	23
   441	LOTUS EATERS 	SET ME APART 	88 	23
   442	LAID BACK 	WHITE HORSE 	90 	23
   443	VARIOUS ARTISTS 	BBC SNOOKER THEMES EP 	90 	22
   444	VAN HALEN 	I'LL WAIT 	85 	22
   445	THOR 	THUNDER ON THE TUNDRA 	89 	22
   446	SHIRLEY BASSEY 	SOMETIMES 	86 	22
   447	IRENE CARA 	BREAKDANCE 	88 	22
   448	WANG CHUNG 	WAIT 	87 	21
   449	SOUL SONIC FORCE 	PLANET ROCK 	85 	21
   450	PALLAS 	SHOCK TREATMENT 	82 	21
   451	HAWKWIND 	NIGHT OF THE HAWKS 	86 	21
   452	DEAD OR ALIVE 	WHAT I WANT {1984} 	87 	21
   453	LUTHER VANDROSS 	I WANTED YOUR LOVE 	88 	20
   454	HANOI ROCKS 	UNDERWATER WORLD 	85 	20
   455	EVERTON FOOTBALL CLUB 	THE BOYS IN BLUE 	82 	19
   456	CAROL KENYON 	WARRIOR WOMAN 	91 	19
   457	BONNIE TYLER 	GETTING SO EXCITED 	85 	19
   458	ALIEN SEX FIEND 	DEAD AND BURIED 	91 	19
   459	VIRGIN DANCE 	DESIRE 	84 	18
   460	RUFUS AND CHAKA KHAN 	ONE MILLION KISSES 	86 	18
   461	PAUL GARDINER 	VENUS IN FURS 	89 	18
   462	NEW ORDER 	MURDER 	92 	18
   463	GENE CHANDLER 	I'LL MAKE THE LIVING IF YOU MAKE THE LOVING WORTHWHILE 	88 	18
   464	FLYING PICKETS 	SO CLOSE 	88 	18
   465	RICK JAMES 	YOU TURN ME ON 	89 	17
   466	KENNY ROGERS WITH KIM CARNES AND JAMES INGRAM 	WHAT ABOUT ME 	92 	17
   467	JAMES CAGNEY AND HUMPHREY BOGART 	THE GANGSTER SINGLE 	90 	17
   468	GREG LAKE 	I BELIEVE IN FATHER CHRISTMAS {1984} 	84 	17
   469	GIRL TALK 	CAN THE RHYTHM 	92 	17
   470	FAT LARRY'S BAND 	STRAIGHT FROM THE HEART 	88 	17
   471	CHRIS REA 	TOUCHE D'AMOUR 	86 	17
   472	MARC ALMOND 	TENDERNESS IS A WEAKNESS 	88 	16
   473	EVAN ROGERS 	SECRET LOVE 	90 	16
   474	BARRY MANILOW 	WHEN OCTOBER GOES 	85 	16
   475	THIS MORTAL COIL 	KANGAROO 	92 	15
   476	ROY WOOD AND WIZZARD 	I WISH IT COULD BE CHRISTMAS EVERY DAY 	86 	15
   477	RE FLEX 	PRAYING TO THE BEAT 	95 	15
   478	LOU REED 	I LOVE YOU SUZANNE 	78 	15
   479	HASHIM 	AL NAAFIYSH 	91 	15
   480	GENERAL PUBLIC 	TENDERNESS 	95 	15
   481	ART OF NOISE 	BEATBOX 	92 	15
   482	SPK 	JUNK FUNK 	94 	14
   483	CAROL KENYON 	DANCE WITH ME 	87 	14
   484	STEPHEN 'TIN TIN' DUFFY 	SHE MAKES ME QUIVER 	88 	13
   485	STATUS IV 	LOVIN' YOU 	93 	13
   486	SILENT RUNNING 	YOUNG HEARTS 	92 	13
   487	RED GUITARS 	STEEL TOWN 	91 	13
   488	KELLY MARIE 	BREAKOUT 	90 	13
   489	JUDIE TZUKE 	YOU 	92 	13
   490	STEVE PERRY 	OH SHERRIE 	89 	12
   491	LITA FORD 	GOTTA LET GO 	94 	12
   492	JINGLE BELLES 	CHRISTMAS SPECTRE {1984} 	93 	12
   493	FORCE MDS 	FORGIVE ME GIRL 	93 	12
   494	EDWIN STARR 	MARVIN 	89 	12
   495	B BIZ 	SUCKER FOR LOVE 	95 	12
   496	TRUTH 	EXCEPTION OF LOVE 	92 	11
   497	ICICLE WORKS 	HOLLOW HORSE 	91 	11
   498	HANOI ROCKS 	DON'T YOU EVER LEAVE ME 	92 	11
   499	FLOY JOY 	UNTIL YOU COME BACK TO ME 	91 	11
   500	EVELYN THOMAS 	HEARTLESS 	95 	11
   501	WINDJAMMER 	LIVE WITHOUT YOUR LOVE 	91 	10
   502	TONY JACKSON 	SUMMER GROOVE 	93 	10
   503	THOR 	LET THE BLOOD RUN RED 	91 	10
   504	STEWART COPELAND AND STAN RIDGWAY 	DON'T BOX ME IN 	91 	10
   505	RICK JAMES AND SMOKEY ROBINSON 	EBONY EYES 	96 	10
   506	QUIET RIOT 	BAD BOY 	91 	10
   507	PAULINE BLACK WITH SUNDAY BEST 	PIRATES ON THE AIRWAVES 	93 	10
   508	MIKE OLDFIELD 	TRICKS OF THE LIGHT 	91 	10
   509	KEITH AND DARRELL 	WORK THAT BODY 	93 	10
   510	BRUCE FOXTON 	SOS MY IMAGINATION 	91 	10
   511	ALABAMA 	FEELS SO RIGHT 	91 	10
   512	STEPHANIE MILLS 	IN MY LIFE 	92 	9
   513	SPIDER 	BREAKAWAY 	92 	9
   514	LATOYA JACKSON 	HOT POTATO 	92 	9
   515	FAD GADGET 	ONE MAN'S MEAT 	92 	9
   516	CUTTING EDGE 	DANCING WITH THE REBELS 	92 	9
   517	BOURGIE BOURGIE 	CARELESS 	96 	9
   518	BARCLAY JAMES HARVEST 	VICTIMS OF CIRCUMSTANCE 	92 	9
   519	ATCO 	IT CAN HAPPEN 	92 	9
   520	AGENTS AREN'T AEROPLANES 	THE UPSTROKE 	93 	9
   521	TWISTED SISTER 	I WANNA ROCK 	93 	8
   522	RALPH MACDONALD 	IN THE NAME OF LOVE 	95 	8
   523	MEAT LOAF 	RAZOR'S EDGE 	41 	8
   524	MATTHEW WILDER 	THE KID'S AMERICAN 	93 	8
   525	JIMMY CLIFF 	WE ALL ARE ONE 	93 	8
   526	FALL 	OH BROTHER 	93 	8
   527	BARRY GIBB 	SHINE SHINE 	95 	8
   528	KING HENRY'S CONSORT 	DANCERIE 	94 	7
   529	JACKSONS 	BODY 	94 	7
   530	FASHION 	YOU IN THE NIGHT 	94 	7
   531	ELBOW BONES AND THE RACKETEERS 	HAPPY BIRTHDAY BABY 	94 	7
   532	CHRISTINE LEWINS 	JUICY FRUIT 	96 	7
   533	BRYAN LOREN 	LOLLIPOP LUV 	97 	7
   534	BARBARA DICKSON 	KEEPING MY LOVE FOR YOU 	97 	7
   535	WEATHER GIRLS 	SUCCESS 	95 	6
   536	WATUSI BROTHERS 	BODYWORK 	95 	6
   537	ROD STEWART 	TROUBLE 	95 	6
   538	RICK SPRINGFIELD 	LOVE SOMEBODY 	95 	6
   539	LINDA CLIFFORD 	RUNAWAY LOVE 	95 	6
   540	KIMERA AND THE OPERAIDERS 	THE LOST OPERA 	95 	6
   541	JIMMY RUFFIN AND JACKSON MOORE 	I'M GONNA LOVE YOU FOREVER 	95 	6
   542	THOMAS LEER 	INTERNATIONAL 	96 	5
   543	TANGERINE DREAM 	WARSAW IN THE SUN 	96 	5
   544	SHEILA E 	THE GLAMOROUS LIFE 	96 	5
   545	QUESTIONS 	A MONTH OF SUNDAYS 	96 	5
   546	PATTI AUSTIN 	RHYTHM OF THE STREET 	96 	5
   547	MARK KING 	I FEEL FREE 	96 	5
   548	DAISY CHAIN 	NO TIME TO STOP BELIEVING 	97 	5
   549	CABARET VOLTAIRE 	SENSORIA 	96 	5
   550	BONNIE TYLER 	HOLDING OUT FOR A HERO 	96 	5
   551	YIP YIP COYOTE 	DREAM OF THE WEST 	97 	4
   552	TRUTH 	5 LIVE 	97 	4
   553	TRANS LUX 	BIG APPLE NOISE 	97 	4
   554	THREE DEGREES 	LIAR 	97 	4
   555	TECHNOS 	NIGHTTIME HEAVEN 	97 	4
   556	RE-FLEX 	COULDN'T STAND A DAY 	97 	4
   557	NEIL 	MY WHITE BICYCLE 	97 	4
   558	MATT BIANCO 	WHOSE SIDE ARE YOU ON 	83 	4
   559	LORDS OF THE NEW CHURCH 	M STYLE 	97 	4
   560	JUDAS PRIEST 	SOME HEADS ARE GONNA ROLL 	97 	4
   561	JB'S ALL STARS 	SIGN ON THE DOTTED LINE 	97 	4
   562	FORREST 	SHE'S SO DIVINE 	98 	4
   563	FARMER'S BOYS 	APPARENTLY 	98 	4
   564	CHRIS DE BURGH 	I LOVE THE NIGHT 	97 	4
   565	BLUE OYSTER CULT 	SHOOTING SHARK 	97 	4
   566	BLUE NILE 	STAY 	97 	4
   567	ROGER TAYLOR 	STRANGE FRONTIER 	98 	3
   568	RICHARD 'DIMPLES' FIELDS 	YOUR WIFE IS CHEATIN' ON US 	99 	3
   569	NEW MODEL ARMY 	THE PRICE 	98 	3
   570	MIAMI SOUND MACHINE 	PRISONER OF LOVE 	98 	3
   571	MARSEILLE 	WALKING ON A HIGHWIRE 	98 	3
   572	BONNIE TYLER 	HERE SHE COMES 	98 	3
   573	ALPHAVILLE 	FOREVER YOUNG 	98 	3
   574	XTC 	THIS WORLD OVER 	99 	2
   575	SNOWMAN ORIGINAL SOUNDTRACK 	WALKING IN THE AIR 	99 	2
   576	SMOKEY ROBINSON 	AND I DON'T LOVE YOU 	90 	2
   577	RONNIE MCNEIR 	COME BACK WITH ME 	99 	2
   578	RALPH MCTELL 	WINNERS 	99 	2
   579	RALPH MACDONALD 	UNIVERSAL RHYTHM 	99 	2
   580	INDIANS IN MOSCOW 	NAUGHTY MIRANDA 	99 	2
   581	FEELABEELIA 	FEEL IT 	99 	2
   582	FALL 	DRAYGOS GUILT 	99 	2
   583	DONNA SUMMER 	THERE GOES MY BABY 	99 	2
   584	DENNIS LAWSON 	ULTRA FANTASTICO 	99 	2
   585	ADX 	TOKYO 	99 	2
   586	SHILLELAGH SISTERS 	GIVE ME MY FREEDOM 	100 	1
   587	MEZZOFORTE 	SPRING FEVER 	100 	1
   588	LUTHER VANDROSS 	I'LL LET YOU SLIDE 	100 	1
   589	LAURA BRANIGAN 	TI AMO 	100 	1
   590	GETTING THE FEAR 	LAST SALUTE 	100 	1
   591	FIAT LUX 	HOUSE OF THORNS 	100 	1
   592	FALL 	CREEP 	91 	1
   593	ANNABEL LAMB 	THE FLAME 	92 	1
